,id,name,link,regular_price,promo_price,brand
0,6327,"Ассорти колбас Велком Брауншвейгская, Велкомовская, Миланская сырокопченое, 150г",https://online.metro-cc.ru/products/velkom-assorti-braunshvejgskaya-velkomovskaya-milanskaya-150g,265,219,ВЕЛКОМ
1,133313,"Ветчина из окорока Велком нарезка, 100г",https://online.metro-cc.ru/products/vetchina-iz-okoroka-velkom-narezka-100g,127,109,ВЕЛКОМ
2,235381,"Колбаса сальчичон Велком сырокопченая нарезка, 150г",https://online.metro-cc.ru/products/kolbasa-salchichon-velkom-syrokopchenaya-narezka-150g,269.01,,ВЕЛКОМ
3,437897,"METRO Chef Колбаса Пепперони сырокопченая, 500г",https://online.metro-cc.ru/products/pepperoni-metro-chef-narezka-syrokopchenaya-500g,429,,METRO CHEF
4,484683,"Ветчина Черкизово Империя вкуса с индейкой, 800г",https://online.metro-cc.ru/products/imperiya-vkusa-s-indejkoj-800-g,439,299,ЧЕРКИЗОВО
5,656849,"Колбаса Черкизово Сальчичон сырокопченая, ~600г",https://online.metro-cc.ru/products/cherkizovo-salchichon-syrokopchenaya,1 329,959,ЧЕРКИЗОВО
6,510637,"Колбаса Велком Докторская вареная, 500г",https://online.metro-cc.ru/products/doktorskaya-velkom-500g-510637,389,309,ВЕЛКОМ
7,134376,"Колбаса Докторская Вязанка вареная ГОСТ, ~1.3кг",https://online.metro-cc.ru/products/13kg-kolbasa-doktorskaya-vyazanka-var-gost,719,,ВЯЗАНКА
8,219595,"Колбаса Вязанка молокуши вареная, 450г",https://online.metro-cc.ru/products/450g-kolbasa-vyazanka-molokusha-varenaya,289,269,ВЯЗАНКА
9,531712,"Ветчина Черкизово Тост Хэм, ~2.9кг",https://online.metro-cc.ru/products/tost-hem-cherkizovo-29kg,359,,ЧЕРКИЗОВО
10,24104,"Колбаса Черкизово Докторская по-черкизовски вареная, 500г",https://online.metro-cc.ru/products/cherkizovo-doktorskaya-po-cherkizski-500-g,279,,ЧЕРКИЗОВО
11,65536,"Колбаса Черкизово Салямини сырокопченая, 180г",https://online.metro-cc.ru/products/cherkizovo-salyamini-syrokopchenaya-180g,209,129,ЧЕРКИЗОВО
12,111575,"Колбаса Черкизово Салями Астория сырокопченая, 225г",https://online.metro-cc.ru/products/kolbasa-syrokopchenaya-cherkizovo-salyami-astoriya-225-g,286,179,ЧЕРКИЗОВО
13,210854,"Колбаса Черкизово сальчичон сырокопченая срез, 300г",https://online.metro-cc.ru/products/300g-kolbasa-salchichon-cherkizovo-sk-srez-vu,449,319,ЧЕРКИЗОВО
14,219587,"Колбаса Вязанка филейская классическая вареная, 450г",https://online.metro-cc.ru/products/450g-kolbasa-vyazanka-fileyskaya-klassicheskaya-varenaya,279,,ВЯЗАНКА
15,59646,"Колбаса Дымов Пепперони сырокопченая нарезка, 1кг",https://online.metro-cc.ru/products/dymov-pepperoni-syrokopchenaya-narezka-1kg,768.91,,ДЫМОВ
16,120704,"Колбаса Велком Салями Милано сырокопченая нарезка, 150г",https://online.metro-cc.ru/products/150g-velkom-salyami-milano-s-k,267,189,ВЕЛКОМ
17,385257,"Колбаса Охотный Ряд Светская вяленая варено-копченая, ~530г",https://online.metro-cc.ru/products/svetskaya-ohotnyj-ryad,979,739,ОХОТНЫЙ РЯД
18,101469,"Колбаса Черкизово Салями Астория сырокопченая нарезка, 85г",https://online.metro-cc.ru/products/kolbasa-salyami-astoriya-narezka-syrokopchenaya-cherkizovo-85g,114,89,ЧЕРКИЗОВО
19,209809,"Колбаса Мираторг сервелат варено-копченая ГОСТ, 375г",https://online.metro-cc.ru/products/375g-kolbasa-servelat-miratorg-gost-vk,399,259,МИРАТОРГ
20,209810,"Колбаса Мираторг брауншвейгская сырокопченая полусухая, 300г",https://online.metro-cc.ru/products/300g-kolbasa-braunshveygskaya-miratorg-sk-polusuhaya,539,319,МИРАТОРГ
21,379666,"METRO Chef Ветчина Венская вареная, ~1.07кг",https://online.metro-cc.ru/products/metro-chef-107kg,339,,METRO CHEF
22,120705,"Ассорти колбас Велком Милано-Чоризо-Фелино сыровяленая ассорти, 150г",https://online.metro-cc.ru/products/150g-velkom-chorizo-milano-felino-s-k,254,219,ВЕЛКОМ
23,111576,"Колбаса Черкизово Салями Фламенко Premium сырокопченая, 250г",https://online.metro-cc.ru/products/kolbasa-syrokopchenaya-cherkizovo-salyami-flamenko-250-g,389,239,ЧЕРКИЗОВО
24,223007,"Колбаса Мираторг Финская сервелат варено-копченый, 375г",https://online.metro-cc.ru/products/kolbasa-miratorg-finskaya-servelat-vareno-kopcheniy-375g,299,229,МИРАТОРГ
25,122296,"Снек Черкизово из курицы сырокопченый премиум, 70г",https://online.metro-cc.ru/products/snek-iz-kuricy-cherkizovo-premium-70g,149,99,ЧЕРКИЗОВО
26,118444,"Ветчина Черкизово Нежная Премиум из индейки, 450г",https://online.metro-cc.ru/products/450g-cherkizovo-prem-nezhn-iz-ind-co-v-u,389,,ЧЕРКИЗОВО
27,118445,"Колбаса Черкизово Сальчичон Premium с розовым перцем сырокопченая нарезка, 85г",https://online.metro-cc.ru/products/85g-cherkizovo-prem-salch-rz-per-nar-s-k,159,115.01,ЧЕРКИЗОВО
28,223006,"Колбаса Мираторг Московская варено-копченая, 375г",https://online.metro-cc.ru/products/375g-kolbasa-miratorg-moskovskaya-vk,509,389,МИРАТОРГ
29,100149,"Набор колбас Велком Торро Бордо Милан сырокопченая нарезка, 150г",https://online.metro-cc.ru/products/kolbasa-velkom-torro-milanskaya-bordo-syrokopchenaya-narezka-150-g,262,219,ВЕЛКОМ
30,135064,"Ветчина Черкизово нежная из индейки нарезка, 150г",https://online.metro-cc.ru/products/vetchina-cherkizovo-nezhnaya-iz-indeyki-narezka-150g,169,159,ЧЕРКИЗОВО
31,297382,"Колбаса Черкизово Сальчичон Премиум сырокопченая, 100г",https://online.metro-cc.ru/products/cherkizovskij-syrokopchenaya-salchichon-v-narezke-100g,165,,ЧЕРКИЗОВО
32,82422,"METRO Chef Ветчина для тостов Люкс, 500г",https://online.metro-cc.ru/products/dlya-tostov-lyuks-metro-chef-500-g,329,299,METRO CHEF
33,72107,"Колбаса Черкизово Бородинская сырокопченая, ~600г",https://online.metro-cc.ru/products/borodinskaya-syrokopchenaya-cherkizovskij-mk,999,679,ЧЕРКИЗОВО
34,625233,"Колбаса Дымов Краковская полукопченая, 400г",https://online.metro-cc.ru/products/polukopchenaya-dymov-krakovskaya-400g,389,319,ДЫМОВ
35,74715,"METRO Chef Ветчина вареная с говядиной, ~1кг",https://online.metro-cc.ru/products/metro-chef-s-govyazhyego-1-kg,419,,METRO CHEF
36,566644,"METRO Chef Колбаски Охотничьи полукопченые, 500г",https://online.metro-cc.ru/products/kolbaski-metro-chef-osobye-ohotnichyi-500-g,233,,METRO CHEF
37,84958,"Колбаса Мираторг Докторская вареная, 450г",https://online.metro-cc.ru/products/miratorg-doktorskaya-450-g,359,249,МИРАТОРГ
38,134378,"Колбаса Баварушка Филейбургская с душистым чесноком, ~900г",https://online.metro-cc.ru/products/900g-kolbasa-fileyburgskaya-bavarushka-s-chenokom,469,,БАВАРУШКА
39,111570,"Колбаса Черкизово Пепперони сырокопченая нарезка, 500г",https://online.metro-cc.ru/products/kolbasa-syrokopchenaya-pepperoni-cherkizovo-narezka-500g,469,,ЧЕРКИЗОВО
40,59660,"Колбаса Дымов Чоризо сырокопченая нарезка, 1кг",https://online.metro-cc.ru/products/art_59660,878.90,,ДЫМОВ
41,571500,"Колбаса Черкизово Сервелат варено-копченая ГОСТ, 500г",https://online.metro-cc.ru/products/servelat-cherkizovo-vareno-gost-500g,439,,ЧЕРКИЗОВО
42,499637,"Колбаса Велком Кальяри сырокопченая, 235г",https://online.metro-cc.ru/products/kalyari-velkom-syrokopchenaya-235g,469,,ВЕЛКОМ
43,74713,"METRO Chef Ветчина вареная с курицей, ~1кг",https://online.metro-cc.ru/products/metro-chef-s-kuricej-1-kg,419,,METRO CHEF
44,271618,"Колбаса Охотный Ряд Швейцарская сыровяленая, ~375г",https://online.metro-cc.ru/products/shvejcarskaya-mikoyan-s-v,1 769,1 129,ОХОТНЫЙ РЯД
45,210486,"Колбаса Велком Докторская вареная, 500г",https://online.metro-cc.ru/products/doktorskaya-velkom-500g,399,309,ВЕЛКОМ
46,219588,"Ветчина Вязанка филейская столичная вареная, 450г",https://online.metro-cc.ru/products/450g-vetchina-vyazanka-fileyskaya-stolichnaya-varenaya,329,,ВЯЗАНКА
47,374239,"Ветчина Велком из окорока, 500г",https://online.metro-cc.ru/products/iz-okoroka-velkom-500g,449,,ВЕЛКОМ
48,389991,"Колбаса Охотный Ряд Испанская сырокопченая, ~625г",https://online.metro-cc.ru/products/ispanskaya-mikoyan-s-k,1 219,809,ОХОТНЫЙ РЯД
49,66436,"Ветчина Черкизово По-черкизовски, 500г",https://online.metro-cc.ru/products/art_66436,339,329,ЧЕРКИЗОВО
50,574486,"Колбаса Мясницкий ряд Сервелат Европейский варено-копченый, ~750г",https://online.metro-cc.ru/products/myasnickij-ryad-evropejskij-servelat,749,569,МЯСНИЦКИЙ РЯД
51,585076,"Колбаса Casademont Fuet Extra с инжиром сыровяленая, 110г",https://online.metro-cc.ru/products/casademont-fuet-extra-syrovyalenaya-s-inzhirom-110g,349,,CASADEMONT
52,135130,"Колбаса Баварушка Филейбургская с сочным окороком варено-копченая, ~1кг",https://online.metro-cc.ru/products/kolbasa-bavarushka-fileyburgskaya-s-okorokom-vareno-kopchenyy-1kg,679,469,БАВАРУШКА
53,624297,"METRO Chef Сервелат зернистый варено-копченый, 500г",https://online.metro-cc.ru/products/art_624297,309,,METRO CHEF
54,55305,"METRO Chef Салями мини с беконом, 500г",https://online.metro-cc.ru/products/salyami-mini-metro-chef-s-bekonom-500-g,659,619,METRO CHEF
55,6307,"Колбаса Велком Миланская сырокопченая сухая нарезка, 150г",https://online.metro-cc.ru/products/velkom-milano-syrokopchenaya-gzs-150g,252,219,ВЕЛКОМ
56,578338,"Колбаса Папа Может Филейная вареная, 500г",https://online.metro-cc.ru/products/papa-mozhet-filejnaya-500-g,259,249,ПАПА МОЖЕТ
57,136174,"Колбаса Мясницкий ряд От шефа Докторская вареная, 470г",https://online.metro-cc.ru/products/kolbasa-myasnitskiy-ryad-ot-shefa-doktorskaya-varenaya-470g,319,199,МЯСНИЦКИЙ РЯД
58,122866,"Колбаса Индилайт Сервелат Амбер варено-копченая, 400г",https://online.metro-cc.ru/products/400g-servelat-indilajt-amber-v-k-ohl-vu,409,309,ИНДИЛАЙТ
59,499827,"Колбаса Велком Языковая вареная, 500г",https://online.metro-cc.ru/products/yazykovaya-velkom-500g,439,309,ВЕЛКОМ
60,656660,"Колбаса Мясницкий ряд Верона сыровяленая, 90г",https://online.metro-cc.ru/products/myasnickij-ryad-verona-syrovyalenaya-90g,156,109,МЯСНИЦКИЙ РЯД
61,128314,"Ветчина вареная Черкизово по-черкизовски, 200г",https://online.metro-cc.ru/products/200g-cherkizovo-po-cherkizovski,174,119,ЧЕРКИЗОВО
62,389990,"Колбаса Охотный Ряд Итальянская сырокопченая, ~625г",https://online.metro-cc.ru/products/italyanskaya-ohotnyj-ryad-s-k,1 199,,ОХОТНЫЙ РЯД
63,119378,"Колбаса Мясницкий ряд Каждому по вкусу вареная, ~1кг",https://online.metro-cc.ru/products/1kg-myasnickij-ryad-kazhdomu-po-vkusu-var,529,379.01,МЯСНИЦКИЙ РЯД
64,633565,"Колбаса Дымов Докторская вареная ГОСТ, 500г",https://online.metro-cc.ru/products/doktorskaya-dymov-gost-500g,349,,ДЫМОВ
65,569290,"Колбаса Папа Может Сервелат Финский варено-копченая, 840г",https://online.metro-cc.ru/products/papa-mozhet-servelat-finskij-vareno-840g,569,,ПАПА МОЖЕТ
66,84945,"Колбаса Мираторг Краковская полукопченая, 430г",https://online.metro-cc.ru/products/krakovskaya-miratorg-430g,459,,МИРАТОРГ
67,523115,"METRO Chef Ветчина с индейкой вареная, ~2.9кг",https://online.metro-cc.ru/products/metro-chef-s-indejkoj-29kg,379,,METRO CHEF
68,127471,"Колбаса Егорьевская фабрика Брауншвейгская сырокопченая, 100г",https://online.metro-cc.ru/products/syrokopchenaya-egoryevskaya-fkg-braunshvejgskaya-narezka-100-g,204,,ЕГОРЬЕВСКАЯ ФАБРИКА
69,229864,"Бастурма Останкино сыровяленая высший сорт, ~280г",https://online.metro-cc.ru/products/280g-basturma-ostankino-sv-vs-vu,2 249,,ОСТАНКИНО
70,379667,"aro Ветчина Александровская, 400г",https://online.metro-cc.ru/products/aleksandrovskaya-aro-400g,149,,ARO
71,404942,"Колбаса Черкизово Русская губернская вареная, ~1.5кг",https://online.metro-cc.ru/products/cherkizovo-russkaya,339,229,ЧЕРКИЗОВО
72,499826,"Колбаса Велком Телячья вареная, 500г",https://online.metro-cc.ru/products/velkom-telyachya-v-u-500g,409,339,ВЕЛКОМ
73,510638,"Колбаса Велком Любительская вареная, 500г",https://online.metro-cc.ru/products/lyubitelskaya-velkom-500g,409,309,ВЕЛКОМ
74,365627,"Колбаса Черкизово салями сырокопченая в специях, ~640г",https://online.metro-cc.ru/products/prazdnichnaya-v-speciyah-syrokopchenaya-cherkizovskij,1 159,,ЧЕРКИЗОВО
75,118447,"Колбаса Черкизово Классическая по-черкизовски вареная, ~1.6кг",https://online.metro-cc.ru/products/16kg-cherkizovo-var-klassich-po-cherk,569,549,ЧЕРКИЗОВО
76,204855,"Колбаса Дымов сливочная вареная, 500г",https://online.metro-cc.ru/products/500g-kolbasa-dymov-slivochnaya-varenaya,339,229,ДЫМОВ
77,570146,"Колбаса Черкизово Имперская варено-копченая, 500г",https://online.metro-cc.ru/products/cherkizovo-imperskaya-vareno-500g,529,,ЧЕРКИЗОВО
78,222961,"Колбаса Мираторг сервелат полусухой сырокопченый, 300г",https://online.metro-cc.ru/products/300g-kolbasa-servelat-miratorg-polusuhoy-sk,539,329,МИРАТОРГ
79,217120,"Колбаса Стародворье Сервелат Кремлевский варено-копченая, ~700г",https://online.metro-cc.ru/products/servelat-kremlevskij-vareno-starodvorskie,579,,СТАРОДВОРЬЕ
80,351798,"Колбаса Велком Докторская вареная, 620г",https://online.metro-cc.ru/products/doktorskaya-velkom-620-g,559,,ВЕЛКОМ
81,136997,"METRO Chef Ветчина тостовая, ~2.5кг",https://online.metro-cc.ru/products/25kg-vetchina-metro-chef-tostovaya,349,,METRO CHEF
82,571501,"Колбаса Черкизово Московская варено-копченая ГОСТ, 500г",https://online.metro-cc.ru/products/cherkizovo-moskovskaya-vareno-gost-500g,549,,ЧЕРКИЗОВО
83,135063,"Колбаса Черкизово Сервелетти сырокопченая нарезка, 85г",https://online.metro-cc.ru/products/85g-kolbasa-cherkizovo-serveletti-sk-narezka,152,,ЧЕРКИЗОВО
84,84959,"Колбаса Мираторг Классическая вареная, 470г",https://online.metro-cc.ru/products/klassicheskaya-miratorg-470g,277,169,МИРАТОРГ
85,553032,"Ветчина Эко Нежная Халяль, 750г",https://online.metro-cc.ru/products/vetchina-eko-nezhnaya-halyal-750-g,409,,ЭКО
86,493225,"Колбаса Велком Романо сырокопченая полусухая, 235г",https://online.metro-cc.ru/products/parmskaya-velkom-syrokopchenaya-235g,389,,ВЕЛКОМ
87,456278,"Колбаса Эколь Халяль Сервелат, 700г",https://online.metro-cc.ru/products/servelat-ekol-vareno-halyal,719,,ЭКОЛЬ
88,117095,"Колбаса Велком Сервелат Финский варено-копченая, 580г",https://online.metro-cc.ru/products/servelat-finskij-vareno-velkom-580g,519,,ВЕЛКОМ
89,121301,"Снек мясной Черкизово Классический, 70г",https://online.metro-cc.ru/products/70g-myasnoj-snek-cherkizovo-klassicheskij,145,99,ЧЕРКИЗОВО
90,121302,"Снек мясной Черкизово со сладким чили, 70г",https://online.metro-cc.ru/products/70g-myasnoj-snek-cherkizovo-so-sladkim-chili,145,99,ЧЕРКИЗОВО
91,52722,"Колбаса Черкизово Богородская сырокопченая, ~600г",https://online.metro-cc.ru/products/bogorodskaya-syrokopchenaya-cherkizovskij-mk,989,679,ЧЕРКИЗОВО
92,217059,"Колбаса Черкизово сервелетти сырокопченая, 250г",https://online.metro-cc.ru/products/250g-kolbasa-cherkizovo-serveletti-sk-srez-vu,349,,ЧЕРКИЗОВО
93,138989,"Колбаса Дымов Сальчичон сырокопченая, ~550г",https://online.metro-cc.ru/products/550g-kolbasa-dymov-salchichon-sk-vu,1 559,1 009,ДЫМОВ
94,118450,"Колбаса Черкизово Чесночная полукопченая, 300г",https://online.metro-cc.ru/products/300g-cherkizovo-chesnochnaya-fib,189,,ЧЕРКИЗОВО
95,55306,"METRO Chef Салями мини Сыр, 500г",https://online.metro-cc.ru/products/salyami-mini-metro-chef-syr-500-g,659,629,METRO CHEF
96,222911,"Колбаса Велком вареная молочная, 500г",https://online.metro-cc.ru/products/500g-kolbasa-velkom-varenaya-molochnaya-vu,399,309,ВЕЛКОМ
97,456228,"Колбаса Эколь Халяль говяжья полукопченая, 600г",https://online.metro-cc.ru/products/govyazhya-ekol-halyal-600g,429,,ЭКОЛЬ
98,528850,"Колбаса Эколь Халяль Элитная сырокопченая, ~400г",https://online.metro-cc.ru/products/ekol-elitnaya-halyal-syrokopchenaya,1 539,,ЭКОЛЬ
99,118250,"Колбаса Велком Брауншвейгская сырокопченая, 235г",https://online.metro-cc.ru/products/235g-velkom-braunshvejgskaya-s-k,409,,ВЕЛКОМ
100,206047,"METRO Chef Колбаса чоризо варено-копченая нарезка, 500г",https://online.metro-cc.ru/products/500g-kolbasa-metro-chef-chorizo-vk-narezka,499,,METRO CHEF
101,86717,"Колбаса Останкино Салями Итальянская сырокопченая, ~500г",https://online.metro-cc.ru/products/salyami-italyanskaya-ostankino,1 119,,ОСТАНКИНО
102,109467,"Колбаса Папа Может Классическая вареная, ~1.35кг",https://online.metro-cc.ru/products/kolbasa-klassicheskaya-varenaya-papa-mozhet-1350g,549,529,ПАПА МОЖЕТ
103,221196,"Колбаса Останкино салями мелкозерная сырокопченая, 500г",https://online.metro-cc.ru/products/500g-kolbasa-salyami-ostankino-melkozernenaya-sk-vu,429,,ОСТАНКИНО
104,507051,"Колбаса Эколь Халяль Домашняя с говядиной, 450г",https://online.metro-cc.ru/products/ekol-govyazhya-halyal-450-g,339,,ЭКОЛЬ
105,297384,"Колбаса Черкизово Салями Фламенко сырокопченая нарезка, 100г",https://online.metro-cc.ru/products/kolbasa-syrokopchenaya-salyami-flamenko-cherkizovo-narezka-100-g,167,,ЧЕРКИЗОВО
106,111574,"Колбаса Черкизово Молочная по-черкизовски вареная, 400г",https://online.metro-cc.ru/products/kolbasa-cherkizovo-molochnaya-po-cherkizovski-varenaya-400-g,219,,ЧЕРКИЗОВО
107,650724,"Сервелат Дымов Бельгийский, ~600г",https://online.metro-cc.ru/products/belgijskij-servelat-dymov,1 399,,ДЫМОВ
108,212559,"Колбаса Casademont Chorizo Острый полусухая сыровяленая, ~1кг",https://online.metro-cc.ru/products/1kg-kolbasa-casademont-chorizo-ostryy-sv-polusuhaya,2 199,,CASADEMONT
109,364964,"Колбаса Омский бекон Докторская вареная ГОСТ, ~2кг",https://online.metro-cc.ru/products/omskij-bekon-doktorskaya-gost,609,469,ОМСКИЙ БЕКОН
110,65546,"Колбаса Черкизово Фуэт экстра сыровяленая, 150г",https://online.metro-cc.ru/products/cherkizovo-fuet-ekstra-syrovyalenaya-150g,359,,ЧЕРКИЗОВО
111,55307,"METRO Chef Салями мини Чеснок, 500г",https://online.metro-cc.ru/products/salyami-mini-metro-chef-chesnok-500-g,659,629,METRO CHEF
112,632102,"Колбаса Casademont Salchichon экстра сыровяленая, ~1кг",https://online.metro-cc.ru/products/salchichon-syrovyalenaya-casademont,1 929,,CASADEMONT
113,283138,"Колбаса Омский бекон Мускат Пренцлау варено-копченая, ~650г",https://online.metro-cc.ru/products/muskat-prenclau-omskij-bekon-vareno,689,,ОМСКИЙ БЕКОН
114,55308,"METRO Chef Салями мини Чили, 500г",https://online.metro-cc.ru/products/salyami-mini-metro-chef-chili-500-g,659,619,METRO CHEF
115,585075,"Колбаса Casademont Fuet Extra с сыром сыровяленая, 110г",https://online.metro-cc.ru/products/casademont-fuet-extra-syrovyalenaya-s-syrom-110g,349,,CASADEMONT
116,230248,"Колбаски Велком охотничьи полукопченые, 240г",https://online.metro-cc.ru/products/kolbaski-velkom-ohotnichi-polukopchenye-240g,299,,ВЕЛКОМ
117,313553,"Колбаса Дымов Брауншвейгская + Сервелат полусухая нарезка, 90г",https://online.metro-cc.ru/products/art_313553,209,,ДЫМОВ
118,297381,"Колбаса Черкизово Прошутто сыровяленая полусухая в нарезке, 100г",https://online.metro-cc.ru/products/cherkizovskij-syrovyalenaya-polusuhaya-proshutto-v-narezke-100g,167,,ЧЕРКИЗОВО
119,210692,"Колбаса Дымов Итальянская сырокопченая, ~650г",https://online.metro-cc.ru/products/italyanskaya-syrokopchenaya-dymov,1 239,,ДЫМОВ
120,211337,"Колбаски Атяшево охотские полукопченые, 400г",https://online.metro-cc.ru/products/400g-kolbaski-atyashevo-ohotskie-pk,179,129,АТЯШЕВО
121,115070,"Колбаса полукопченая Черкизово Краковская, 350г",https://online.metro-cc.ru/products/kolbasa-krakovskaya-polukopchenaya-cherkizovo-gost-350g,399,,ЧЕРКИЗОВО
122,644152,"Колбаса Salumi di Reggio Салями Монтанья сыровяленая, 200г",https://online.metro-cc.ru/products/salyami-montanya-salumi-di-bosco-200g,419,,SALUMI DI REGGIO
123,644153,"Колбаса Salumi di Reggio Салями Традиционная сыровяленая, 200г",https://online.metro-cc.ru/products/tradicionnaya-salyami-syrovyalenaya-gierlinger-200g,419,,SALUMI DI REGGIO
124,229863,"Колбаса Останкино сервелат швейцарский варено-копченый нарезка, 100г",https://online.metro-cc.ru/products/kolbasa-ostankino-servelat-shveytsarskiy-vareno-kopchenyy-narezka-100g,164,109,ОСТАНКИНО
125,384417,"Колбаса Черкизово Докторская Губернская вареная, ~1.5кг",https://online.metro-cc.ru/products/guberniya-doktorskaya-gubernskaya-v-setke-15kg,339,,ЧЕРКИЗОВО
126,369684,"Колбаса Дымов Сервелат варено-копченая, 330г",https://online.metro-cc.ru/products/servelat-dymov-vareno-vakuumnaya-upakovka-330g,339,,ДЫМОВ
127,230261,"Колбаса докторская вареная Черкизово нарезка ГОСТ, 150г",https://online.metro-cc.ru/products/kolbasa-doktorskaya-varenaya-cherkizovo-narezka-gost-150g,116,99,ЧЕРКИЗОВО
128,585077,"Колбаса Casademont Fuet Extra с перцем сыровяленая, 110г",https://online.metro-cc.ru/products/casademont-fuet-extra-syrovyalenaya-s-percem-110g,349,,CASADEMONT
129,228786,"Ветчина Мясницкий ряд от шефа вареная, 400г",https://online.metro-cc.ru/products/400g-vetchina-myasnitskiy-ryad-ot-shefa-varenaya-vu,259,205,МЯСНИЦКИЙ РЯД
130,573817,"Колбаса Папа Может Мясная вареная, ~1.3кг",https://online.metro-cc.ru/products/papa-mozhet,569,489,ПАПА МОЖЕТ
131,133857,"Колбаса свиная Останкино сырокопченая, ~500г",https://online.metro-cc.ru/products/kolbasa-svinaya-ostankinskaya-syrokopchenaya-500g,1 019,,ОСТАНКИНО
132,212607,"Колбаса Черкизово сервелетти и прошутто нарезка сырокопченая, 85г",https://online.metro-cc.ru/products/85g-kolbasa-cherkizovo-serveletti-i-proshutto-sk-nar,169,,ЧЕРКИЗОВО
133,233482,"Колбаса Велком салями итальянская варено-копченая нарезка, 100г",https://online.metro-cc.ru/products/kolbasa-velkom-salyami-italyanskaya-vareno-kopchenaya-narezka-100g,149,119,ВЕЛКОМ
134,118251,"Колбаса Велком Велкомовская сырокопченая, 235г",https://online.metro-cc.ru/products/235g-velkom-velkomovskaya-s-k,419,,ВЕЛКОМ
135,86846,"Колбаса Велком Миланская сырокопченая, ~600г",https://online.metro-cc.ru/products/milanskaya-syrokopchenaya-velkom,1 599,,ВЕЛКОМ
136,404324,"Ассорти колбас Черкизово Праздничное сырокопченое, ~1кг",https://online.metro-cc.ru/products/nabor-prazdnichnoe-assorti-cherkizovskij-mk,1 179,,ЧЕРКИЗОВО
137,283171,"Колбаса Омский бекон Докторская вареная, ~1кг",https://online.metro-cc.ru/products/doktorskaya-omskij-bekon-1-kg,609,,ОМСКИЙ БЕКОН
138,138987,"Колбаса Дымов Сервелат Кремлевский варено-копченая, ~660г",https://online.metro-cc.ru/products/660g-kolbasa-dymov-servelat-kremlevskiy-vk-vu,859,,ДЫМОВ
139,283167,"Колбаса Омский бекон Бутербродная вареная, ~1кг",https://online.metro-cc.ru/products/buterbrodnaya-omskij-bekon,359,235,ОМСКИЙ БЕКОН
140,131661,"Колбаса Дымов Балыковая варено-копченая, 330г",https://online.metro-cc.ru/products/kolbasa-dymov-balykovskaya-vareno-kopchenaya-330g,359,,ДЫМОВ
141,217058,"Колбаса Черкизово бородинская экстра сырокопченая, 200г",https://online.metro-cc.ru/products/200g-kolbasa-cherkizovo-borodinskaya-ekstra-sk-srez,229,,ЧЕРКИЗОВО
142,210690,"Колбаса Дымов Пепперони сырокопченая, ~650г",https://online.metro-cc.ru/products/pepperoni-syrokopchenaya-dymov,1 199,,ДЫМОВ
143,94511,"Колбаски Дымов Пиколини Сметана и лук сырокопченые, 50г",https://online.metro-cc.ru/products/art_94511,88.90,,ДЫМОВ
144,467536,"Колбаса Дымов Салями Финская полукопченая, 330г",https://online.metro-cc.ru/products/finskaya-salyami-dymov-polukopchenaya-330g,239,,ДЫМОВ
145,447793,"Колбаса Омский бекон Сервелат Классический варено-копченая, 500г",https://online.metro-cc.ru/products/art_447793,249,,ОМСКИЙ БЕКОН
146,656661,"Колбаса Мясницкий ряд Сальчичон нарезка, 90г",https://online.metro-cc.ru/products/myasnickij-ryad-salchichon-narezka-90-g,141,,МЯСНИЦКИЙ РЯД
147,258032,"Колбаса Черкизово Имперская варено-копченая, ~1кг",https://online.metro-cc.ru/products/cherkizovskij-mk-imperskaya,999,,ЧЕРКИЗОВО
148,422831,"Колбаса Микоян Кремлевская сырокопченая, ~625г",https://online.metro-cc.ru/products/mikoyan-kremlevskaya-s-k,829,,МИКОЯН
149,204868,"Колбаса Дымов австрийская сырокопченая полусухая, 230г",https://online.metro-cc.ru/products/230g-kolbasa-dymov-avstriyskaya-sk-polusuhaya,287,229,ДЫМОВ
150,230249,"Колбаски Велком охотничьи с сыром полукопченые, 240г",https://online.metro-cc.ru/products/kolbaski-velkom-ohotnichi-s-syrom-polukopchenye-240g,309,,ВЕЛКОМ
151,130910,"Сервелат Швейцарский Дымов варено-копченый, 330г",https://online.metro-cc.ru/products/330g-servelat-shvejcarskij-dymov-v-k,279,,ДЫМОВ
152,655385,"Колбаса Дымов Сервелат Кремлевский варено-копченая нарезка, 110г",https://online.metro-cc.ru/products/servelat-dymov-kremlevskij-vareno-narezka-110g,117,,ДЫМОВ
153,226787,"Колбаса краковская Омский бекон полукопченая, 380г",https://online.metro-cc.ru/products/380g-kolbasa-krakovskaya-omskiy-bekon-pk-vu,279,,ОМСКИЙ БЕКОН
154,111571,"Колбаса Черкизово Варшавская Традиционная полукопченая, 350г",https://online.metro-cc.ru/products/kolbasa-polukopchenaya-cherkizovo-varshavskaya-tradicionnaya-350-g,184,,ЧЕРКИЗОВО
155,64294,"Колбаски Дымов Пиколини Бекон сырокопченые, 50г",https://online.metro-cc.ru/products/kolbaski-pikolini-so-vkusom-bekona-dymov-50g,88.90,,ДЫМОВ
156,118449,"Колбаса Черкизово Сальчичон Premium с розовым перцем сырокопченая нарезка, 300г",https://online.metro-cc.ru/products/300g-cherkizovo-premium-salch-roz-per-s-k,499,,ЧЕРКИЗОВО
157,127472,"Колбаса Егорьевская фабрика Докторская вареная, 450г",https://online.metro-cc.ru/products/varenaya-egoryevskaya-fkg-doktorskaya-450-g,429,,ЕГОРЬЕВСКАЯ ФАБРИКА
158,135181,"Колбаса Solemici салями italiano нарезка, 70г",https://online.metro-cc.ru/products/kolbasa-solemici-salyami-italiano-narezka-70g,209,,SOLEMICI
159,208382,"Колбаса Дымов Брауншвейгская сырокопченая, ~600г",https://online.metro-cc.ru/products/dymov-braunshvejgskaya-1-kg,1 579,,ДЫМОВ
160,574216,"Колбаса Дымов Сервелат Ореховый, 330г",https://online.metro-cc.ru/products/dymov-servelat-orehovyj-330g,389,,ДЫМОВ
161,209317,"Колбаса Велес Сервелат категории А варено-копченая, 300г",https://online.metro-cc.ru/products/300g-kolbasa-veles-servelat-vk-vu-vs-gost,329,239,ВЕЛЕС
162,118448,"Колбаса Черкизово Сальчичон с розовым перцем сырокопченая, ~600г",https://online.metro-cc.ru/products/600g-cherkizovo-premium-salch-rz-per-s-k,1 459,,ЧЕРКИЗОВО
163,128537,"Колбаса Велком Сальчичон сырокопченая, 110г",https://online.metro-cc.ru/products/110g-velkom-salchichon-s-k-v-u,229,,ВЕЛКОМ
164,654453,"Колбаса Охотный Ряд Римская сырокопченая, ~1кг",https://online.metro-cc.ru/products/rimskaya-ohotnyj-ryad,1 299,,ОХОТНЫЙ РЯД
165,524541,"Колбаса Велес Брауншвейгская сырокопченая нарезка, 150г",https://online.metro-cc.ru/products/veles-braunshvejgskaya-syrokopchenaya-150-g,299,,ВЕЛЕС
166,135142,"Колбаса Черкизово Сервелетти сырокопченая, ~500г",https://online.metro-cc.ru/products/05kg-kolbasa-cherkizovo-serveletti-sk-vu,1 269,,ЧЕРКИЗОВО
167,217906,"Колбаса Ишимский Мк докторская вареная ГОСТ, 400г",https://online.metro-cc.ru/products/400g-kolbasa-ishimskiy-doktorskaya-varenaya-gost,166,159,ИШИМСКИЙ МК
168,593227,"Ветчина Ясная горка из мяса птицы вареная, 500г",https://online.metro-cc.ru/products/vetchina-gorka-iz-pticy-varenaya-500g,249,211,ЯСНАЯ ГОРКА
169,219092,"Колбаски Мясницкий ряд Kabanos халапеньо сырокопченые, 60г",https://online.metro-cc.ru/products/60g-kolbaski-myasnitskiy-ryad-kabanos-halapeno-sk,106,89.90,МЯСНИЦКИЙ РЯД
170,141979,"METRO Chef Колбаса фуэт с белой плесенью сыровяленая полусухая, 125г",https://online.metro-cc.ru/products/125g-kolbasa-metro-chef-fuet-s-bel-ples-sv-polusuh,309,,METRO CHEF
171,92625,"Колбаса Омский бекон Традиционная полукопченая, 500г",https://online.metro-cc.ru/products/kolbasa-tradicionnaya-omskij-bekon-polukopchenaya-500g,193,,ОМСКИЙ БЕКОН
172,221183,"Колбаса Delikaiser сервелат европейский варено-копченый, 400г",https://online.metro-cc.ru/products/kolbasa-delikaiser-servelat-evropeyskiy-vareno-kopchenyy-400g,289,,DELIKAISER
173,128538,"Колбаса Велком Брауншвейгская сырокопченая, 165г",https://online.metro-cc.ru/products/165g-velkom-braunveg-s-k-p-s-v-u,309,,ВЕЛКОМ
174,127209,"Колбаса Ялуторовский МК Докторская вареная ГОСТ, 400г",https://online.metro-cc.ru/products/400g-yalutorovskij-mk-var-doktors-gost,237,159.01,ЯЛУТОРОВСКИЙ МК
175,231959,"Колбаса молочная Черкизово по-черкизовски вареная, ~1кг",https://online.metro-cc.ru/products/kolbasa-molochnaya-cherkizovo-po-cherkizovski-varenaya-1kg,509,,ЧЕРКИЗОВО
176,635731,"Колбаса Охотный Ряд Столичная варено-копченая, ~550г",https://online.metro-cc.ru/products/ohotnyj-ryad-stolichnaya-vareno,1 029,759,ОХОТНЫЙ РЯД
177,587195,"Ветчина Дымов из окорока, 400г",https://online.metro-cc.ru/products/dymov-s-okorokom-400-g,239,,ДЫМОВ
178,217900,"Колбаса Ишимский Мк сервелат зернистый варено-копченая, 350г",https://online.metro-cc.ru/products/350g-kolbasa-servelat-ishimskiy-zernistyy-vk-vu,175,,ИШИМСКИЙ МК
179,511042,"Колбаса ЯМК Салями Деревенская полукопченая, 350г",https://online.metro-cc.ru/products/yalutorovskij-mk-salyami-derevenskaya-polukopchenaya-350g,269.01,228,ЯМК
180,511043,"Колбаса ЯМК Венская полукопченая, 400г",https://online.metro-cc.ru/products/yalutorovskij-mk-venskaya-polukopchenaya-400g,289,,ЯМК
181,588257,"Колбаски Велес Детские вареные, ~1кг",https://online.metro-cc.ru/products/kolbaskiampnbspvelesampnbspdetskieampnbspvarenye-1kg,729,569,ВЕЛЕС
182,128572,"Колбаса Дымов Сальчичон сырокопченая, 260г",https://online.metro-cc.ru/products/dymov-salchichon-syrokopchenaya-260g,389,,ДЫМОВ
183,524532,"Ветчина Велес ГОСТ, 500г",https://online.metro-cc.ru/products/vetchina-veles-gost-500-g,499,398,ВЕЛЕС
184,465488,"Колбаса Велес Сервелат варено-копченая высший сорт, 450г",https://online.metro-cc.ru/products/servelat-veles-vareno-kopchenyj-vysshij-sort-v-vakuumnoj-upakovke-450g,429,,ВЕЛЕС
185,226189,"Ветчина Ялуторовский МК Сочная вареная, 450г",https://online.metro-cc.ru/products/450g-vetchina-yalutorovskiy-sochnaya-varenaya,226,191,ЯЛУТОРОВСКИЙ МК
186,217901,"Колбаса Ишимский Мк Фортуна варено-копченая, 350г",https://online.metro-cc.ru/products/350g-kolbasa-salyami-ishimskiy-fortuna-vk-vu,152,,ИШИМСКИЙ МК
187,127210,"Ветчина Ялуторовский МК Для завтрака ГОСТ, 450г",https://online.metro-cc.ru/products/450g-d-zavtraka-yalutorovskij-mk-gost,339,259,ЯЛУТОРОВСКИЙ МК
188,217899,"Колбаса Ишимский Мк сервелат финский варено-копченая, 350г",https://online.metro-cc.ru/products/350g-kolbasa-servelat-ishimskiy-finskiy-vk-vu,185,175,ИШИМСКИЙ МК
189,132222,"Ветчина Дюжий двор из бедра индейки, ~1.3кг",https://online.metro-cc.ru/products/vetchina-dyuzhij-dvor-iz-bedra-indejki-13kg,299,,ДЮЖИЙ ДВОР
190,227434,"Колбаса Дымов салями Итальянская сырокопченая, 230г",https://online.metro-cc.ru/products/230g-kolbasa-salyami-dymov-italyanskaya-sk-vu,289,,ДЫМОВ
191,227983,"Колбаса Велком докторская вареная, 400г",https://online.metro-cc.ru/products/400g-kolbasa-velkom-doktorskaya-varenaya,349,,ВЕЛКОМ
192,528849,"Колбаса Эколь Халяль говяжья сырокопченая, 150г",https://online.metro-cc.ru/products/ekol-govyazhya-syrokopchenaya-halyal-150g,319,,ЭКОЛЬ
193,223632,"Колбаски Микоян Пивчики баварские сырокопченые, 80г",https://online.metro-cc.ru/products/80g-kolbaski-mikoyan-pivchiki-bavarskie-sk,99.90,,МИКОЯН
194,228785,"Колбаса Мясницкий ряд докторская вареная, 400г",https://online.metro-cc.ru/products/400g-kolbasa-myasnitskiy-ryad-doktorskaya-varenaya,339,299,МЯСНИЦКИЙ РЯД
195,217903,"Колбаса Ишимский Мк балыковая варено-копченая, 350г",https://online.metro-cc.ru/products/350g-kolbasa-ishimskiy-balykovaya-vk-vu,267,,ИШИМСКИЙ МК
196,563457,"Колбаски Дымов Пиколини со вкусом хамона, 50г",https://online.metro-cc.ru/products/dymov-pikolini-kolbaski-so-vkusom-hamona-50g,88.90,,ДЫМОВ
197,217902,"Колбаса Ишимский Мк венская полукопченая, 350г",https://online.metro-cc.ru/products/350g-kolbasa-ishimskiy-venskaya-pk-vu,266,,ИШИМСКИЙ МК
198,128733,"Колбаса Халиф Халяль вареная из мяса птицы, 400г",https://online.metro-cc.ru/products/halif-iz-pticy-halyal-400g,149,,ХАЛИФ
199,235264,"Ветчина Черкизово мясная вареная, 400г",https://online.metro-cc.ru/products/400g-vetchina-cherkizovo-myasnaya-varenaya,249,,ЧЕРКИЗОВО
200,593232,"Колбаса Ясная горка Чайная вареная, 500г",https://online.metro-cc.ru/products/kolbasa-varenaya-chajnaya-gorka-500g,120,,ЯСНАЯ ГОРКА
201,226196,"Колбаса Велес Салями сырокопченая полусухая, 200г",https://online.metro-cc.ru/products/200g-kolbasa-salyami-veles-sk-polusuhaya,349,,ВЕЛЕС
202,217904,"Колбаса Ишимский Мк русская вареная ГОСТ, 400г",https://online.metro-cc.ru/products/400g-kolbasa-ishimskiy-russkaya-varenaya-gost,219,179,ИШИМСКИЙ МК
203,128726,"Колбаса Ялуторовский МК Краковская полукопченая ГОСТ, 400г",https://online.metro-cc.ru/products/yalutorovskij-krakovskaya-polukopchenaya-gost-400g,267,229,ЯЛУТОРОВСКИЙ МК
204,217905,"Колбаса Ишимский Мк молочная вареная, 400г",https://online.metro-cc.ru/products/400g-kolbasa-ishimskiy-molochnaya-varenaya,146,139,ИШИМСКИЙ МК
205,626583,"Колбаса Ясная горка Халяль Татарская вареная, 500г",https://online.metro-cc.ru/products/art_626583,185,,ЯСНАЯ ГОРКА
206,228787,"Колбаса Мясницкий ряд прошутто сырокопченая, 200г",https://online.metro-cc.ru/products/kolbasa-myasnitskiy-ryad-proshutto-syrokopchenaya-200g,319,,МЯСНИЦКИЙ РЯД
207,524535,"Колбаса Велес Сервелат варено-копченая нарезка, 150г",https://online.metro-cc.ru/products/servelat-veles-varyono-narezka-015-gr,167,,ВЕЛЕС
208,128727,"Колбаса Ялуторовский МК молочная вареная, 400г",https://online.metro-cc.ru/products/yalutorovskij-molochnaya-400g,219,164,ЯЛУТОРОВСКИЙ МК
209,208675,"aro Колбаса докторская, 350г",https://online.metro-cc.ru/products/350g-kolbasa-aro-doktorskaya,239,,ARO
